tmdb_id,title,genres,overview,poster_path,release_year
27205,Inception,Action|Sci-Fi|Thriller,A thief who steals corporate secrets through dream-sharing technology is given the inverse task of planting an idea into the mind of a CEO.,,2010
155,The Dark Knight,Action|Crime|Drama,Batman raises the stakes in his war on crime with the help of Lt. Jim Gordon and District Attorney Harvey Dent against a new criminal mastermind known as the Joker.,,2008
157336,Interstellar,Adventure|Drama|Sci-Fi,A team of explorers travel through a wormhole in space in an attempt to ensure humanity's survival.,,2014
19995,Avatar,Action|Adventure|Fantasy,A paraplegic Marine dispatched to the moon Pandora becomes torn between following orders and protecting the world he feels is his home.,,2009
424,Schindler's List,Drama|History|War,The true story of businessman Oskar Schindler who saved over a thousand Jewish lives during the Holocaust by employing them in his factories.,,1993
680,Pulp Fiction,Crime|Drama,"The lives of two mob hitmen, a boxer, a gangster's wife, and a pair of diner bandits intertwine in four tales of violence and redemption.",,1994
13,Forrest Gump,Drama|Romance,"The presidencies of Kennedy and Johnson, Vietnam, Watergate and other history unfold through the perspective of an Alabama man with an IQ of 75.",,1994
603,The Matrix,Action|Sci-Fi,A computer hacker learns from mysterious rebels about the true nature of his reality and his role in the war against its controllers.,,1999
238,The Godfather,Crime|Drama,The aging patriarch of an organized crime dynasty transfers control of his clandestine empire to his reluctant son.,,1972
120,The Lord of the Rings: The Fellowship of the Ring,Adventure|Fantasy,A meek hobbit and eight companions set out to journey to destroy a powerful ring and save Middle-earth from the Dark Lord Sauron.,,2001
122,The Lord of the Rings: The Return of the King,Adventure|Fantasy,Gandalf and Aragorn lead the World of Men against Sauron's army to draw his gaze from Frodo and Sam as they approach Mount Doom with the One Ring.,,2003
872585,Oppenheimer,Drama|History,The story of American scientist J. Robert Oppenheimer and his role in the development of the atomic bomb.,,2023
508943,Luca,Animation|Comedy|Family,"A young boy experiences an unforgettable summer on the Italian Riviera, involving a secret he shares with a new friend.",,2021
299534,Avengers: Endgame,Action|Adventure|Sci-Fi,"After the devastating events of Infinity War, the Avengers assemble once more to reverse Thanos's actions and restore balance to the universe.",,2019
299536,Avengers: Infinity War,Action|Adventure|Sci-Fi,The Avengers and their allies must be willing to sacrifice all in an attempt to defeat the powerful Thanos before his plan to destroy half of all life is complete.,,2018
120467,The Grand Budapest Hotel,Adventure|Comedy|Crime,The adventures of a legendary concierge at a famous European hotel and the lobby boy who becomes his trusted friend.,,2014
77338,The Intouchables,Comedy|Drama,"After a life-altering accident, a wealthy quadriplegic hires a young man from the projects to be his caregiver, forming an unlikely bond.",,2011
496243,Parasite,Comedy|Drama|Thriller,Greed and class discrimination threaten the newly formed symbiotic relationship between the wealthy Park family and the destitute Kim clan.,,2019
329,Jurassic Park,Adventure|Sci-Fi,A pragmatic scientist visits an almost complete theme park on an island in Central America built to show off cloned dinosaurs.,,1993
1891,The Empire Strikes Back,Adventure|Action|Sci-Fi,"After the Rebels are overpowered, Luke Skywalker begins Jedi training with Yoda while his friends are pursued by Darth Vader.",,1980
